log_date,region,log_type,log_text
2026-05-30,Northeast,Weather Update,Routine weather update logged for analysis.
2026-06-03,South,Weather Update,Routine weather update logged for analysis.
2026-06-07,Northeast,Weather Update,Routine weather update logged for analysis.
2026-06-08,Northeast,Customer Review,Routine customer review logged for analysis.
2026-06-09,South,Customer Review,Routine customer review logged for analysis.
2026-06-17,Northeast,System Alert,Routine system alert logged for analysis.
2026-06-24,South,Customer Review,Routine customer review logged for analysis.
2026-06-24,Northeast,Customer Review,Routine customer review logged for analysis.
2026-06-26,Northeast,System Alert,Routine system alert logged for analysis.
2026-06-26,Northeast,Customer Review,Routine customer review logged for analysis.
2026-06-26,South,Customer Review,Routine customer review logged for analysis.
2026-06-28,South,Customer Review,Routine customer review logged for analysis.
2026-07-03,South,System Alert,Routine system alert logged for analysis.
2026-07-04,South,Weather Update,Routine weather update logged for analysis.
2026-07-05,Northeast,Weather Update,Routine weather update logged for analysis.
2026-07-05,Northeast,Customer Review,Routine customer review logged for analysis.
2026-07-07,Northeast,System Alert,Routine system alert logged for analysis.
2026-07-10,Northeast,Customer Review,Routine customer review logged for analysis.
2026-07-13,Northeast,Customer Review,Routine customer review logged for analysis.
2026-07-14,South,System Alert,Routine system alert logged for analysis.
2026-07-14,South,Customer Review,Routine customer review logged for analysis.
2026-07-18,Northeast,System Alert,Routine system alert logged for analysis.
2026-07-18,South,System Alert,Routine system alert logged for analysis.
2026-07-27,Northeast,Customer Review,Routine customer review logged for analysis.
2026-07-29,South,Customer Review,Routine customer review logged for analysis.
2026-07-31,South,Weather Update,Routine weather update logged for analysis.
2026-08-04,South,System Alert,Routine system alert logged for analysis.
2026-08-10,South,System Alert,Routine system alert logged for analysis.
2026-08-10,Northeast,System Alert,Routine system alert logged for analysis.
2026-08-24,Northeast,Incident,Checkout payment failure / gateway glitch
2026-08-24,South,Weather Update,Routine weather update logged for analysis.
2026-08-24,Northeast,Competitor Alert,Competitor flash sale on winter apparel
